id;subscriber_address;subscriber_port;subscriber_uri;subscriber_stream_id;client_id;real_alert_id
1;ack and geez;28572;frightfully;1221;1;1
2;anonymise concrete index;30924;as snakebite after;14979;2;2
3;wan mechanically;32710;dodge;18683;3;3
4;nicely apricot;26884;psst;5023;4;4
5;dual long-term symmetry;3585;that;20473;5;5
6;title;15159;afore expiate reside;819;6;6
7;dialogue tachometer;4556;daunt er curiously;29382;7;7
8;finally;8096;inasmuch oar;20837;8;8
9;jagged lawful after;2706;rectangular;14458;9;9
10;aha what glimpse;10945;wee lanky past;12186;10;10
